branch,total_students,placed_students,avg_cgpa,avg_package,avg_risk_score,placement_rate
Artificial Intelligence,2016,1838,7.701666666666666,10.901441784548421,12.26344246031746,91.17
Computer Science,1950,1772,7.634769230769231,10.820011286681714,12.295641025641025,90.87
Data Science,1991,1829,7.6417729784028126,10.875019136139969,12.0544450025113,91.86
Electrical Engineering,1981,1786,7.614179707218577,10.815845464725646,13.058404846037355,90.16
Information Technology,1955,1793,7.626971867007672,10.77393753485778,12.215805626598467,91.71
Mechanical Engineering,2107,1919,7.650754627432368,10.896149035956226,11.936829615567158,91.08
