placement_year,total_students,placed_students,avg_package,avg_risk_score,placement_rate
2019,2400,2192,10.83999087591241,12.345083333333333,91.33
2020,2400,2207,10.8235115541459,12.308583333333333,91.96
2021,2400,2179,10.795608077099585,12.685333333333332,90.79
2022,2400,2188,10.942920475319927,11.968166666666667,91.17
2023,2400,2171,10.838005527406725,12.193458333333332,90.46
